/Relacionamento de Usuário com progresso/
create table usuario
(cpf char(11) constraint id_cpf_nn primary key,
email_usuario varchar(50) constraint email_uk unique
constraint email_nn not null,
nome_usuario varchar(50) constraint nome_pk_nn not null,
senha_usuario varchar(30) constraint senha_ck_nn not null);

insert into usuario values ('52786349877','afonso@gmail.com','Afonso','29125900');
insert into usuario values ('31568426903','maria@yahoo.com','Maria','12456789');
insert into usuario values ('69214537806','joao@hotmail.com','João','password123');
insert into usuario values ('72934826590','carla@outlook.com','Carla','senha123');
insert into usuario values ('07824935601','pedro@gmail.com','Pedro','ilovecoding');


create table possui
(fk_progresso number(5) constraint possui_progresso_fk 
references progresso_curso,
fk_usuario char(11) constraint possui_usuario references usuario);

insert into possui (fk_progresso, fk_usuario) values (1, '12345678901');
insert into possui (fk_progresso, fk_usuario) values (2, '23456789012');
insert into possui (fk_progresso, fk_usuario) values (3, '34567890123');
insert into possui (fk_progresso, fk_usuario) values (4, '45678901234');
insert into possui (fk_progresso, fk_usuario) values (5, '56789012345');


create table progresso_curso
(id_progresso number(5) constraint id_progresso_pk primary key,
experiencia number(7),
porcentagem number(4,2));

insert into progresso_curso values (1, 'Curso de Python', 50, '2022-02-28');
insert into progresso_curso values (3, 'Curso de SQL', 30, '2022-04-02');
insert into progresso_curso values (4, 'Curso de Marketing Digital', 90, '2022-05-20');
insert into progresso_curso values (5, 'Curso de Design Gráfico', 10, '2022-06-08');
insert into progresso_curso values (6, 'Curso de Marketing Digital', 25, '2022-07-15');


/Relacionamento Usuario e contato/
/*create table usuario
(cpf char(11) constraint id_cpf_nn primary key,
email_usuario varchar(50) constraint email_uk_nn unique not null,
nome_usuario varchar(50) constraint nome_pk_nn not null,
senha_usuario varchar(30) constraint senha_ck_nn unique);*/


create table contato
(cd_msg char(8) constraint cd_msg_pk primary key,
mensagem varchar(150) constraint mensagem not null,
email_usuario varchar(50) constraint email_uk_nn unique not null,
nome_usuario varchar(50) constraint nome_pk_nn not null);


insert into contato (cd_msg, mensagem, email_usuario, nome_usuario)
values ('00000001', 'exemplo de mensagem', 'gabriel.silva92@hotmail.com', 'gabriel');
insert into contato (cd_msg, mensagem, email_usuario, nome_usuario)
values ('00000002', 'outro exemplo de mensagem', 'maria.gomes123@gmail.com', 'maria');
insert into contato (cd_msg, mensagem, email_usuario, nome_usuario)
values ('00000003', 'mensagem de teste', 'pedro_rocha_84@yahoo.com.br', 'pedro');
insert into contato (cd_msg, mensagem, email_usuario, nome_usuario)
values ('00000004', 'mais um exemplo de mensagem', 'julianafernandes@outlook.com', 'julia');
insert into contato (cd_msg, mensagem, email_usuario, nome_usuario)
values ('00000005', 'mensagem aleatoria', 'qualqueremail@hotmail.com', 'beltrano');

create table solicita
(fk_usuario_cpf char(11) constraint possui_usuario references usuario,
fk_cd_msg char(8) constraint possui_contato references contato);


/Relacionamento Usuario e cursos/

/*create table usuario
(cpf char(11) constraint id_cpf_nn primary key,
email_usuario varchar(50) constraint email_uk_nn unique not null,
nome_usuario varchar(50) constraint nome_pk_nn not null,
senha_usuario varchar(30) constraint senha_ck_nn unique);*/


create table cursos
(id_curso number(5) constraint id_curso_pk primary key,
duracao_curso date constraint drc_curso_nn not null,
nome_usuario varchar(50) constraint nome_usuario_nn not null,
senha_usuario varchar(30) constraint senha_usuario_nn unique);

insert into cursos (id_curso, duracao_curso, nome_usuario, senha_usuario)
values (1001, '2022-01-01', 'João', '123abc');
insert into cursos (id_curso, duracao_curso, nome_usuario, senha_usuario)
values (1002, '2022-01-10', 'Maria', '456def');
insert into cursos (id_curso, duracao_curso, nome_usuario, senha_usuario)
values (1003, '2022-02-01', 'Pedro', '789ghi');
insert into cursos (id_curso, duracao_curso, nome_usuario, senha_usuario)
values (1004, '2022-02-15', 'Ana', 'abc123');
insert into cursos (id_curso, duracao_curso, nome_usuario, senha_usuario)
values (1005, '2022-03-01', 'Lucas', 'def456');


create table realiza
(fk_id_curso number(5) constraint realiza_cursos references cursos,
fk_usuario char(11) constraint realiza_usuario references usuario);

insert into realiza (fk_id_curso, fk_usuario) values (1001, '12345678901');
insert into realiza (fk_id_curso, fk_usuario) values (1002, '23456789012');
insert into realiza (fk_id_curso, fk_usuario) values (1003, '34567890123');
insert into realiza (fk_id_curso, fk_usuario) values (1004, '45678901234');
insert into realiza (fk_id_curso, fk_usuario) values (1005, '56789012345');


/Relacionamento de Módulo com cursos/


/*create table cursos
(id_curso number(5) constraint id_curso_pk primary key,
duracao_curso data constraint drc_curso_,
nome_usuario varchar(50) constraint nome_pk_nn not null,
senha_usuario varchar(30) constraint senha_ck_nn unique);*/

create table modulo
(cd_mdl number(5) constraint cd_mdl_pk prim
nm_mdl varchar(50) constraint nome_modulo not null,
desc_mdl varchar(150));

insert into modulo (cd_mdl, nm_mdl, desc_mdl)
values (1, 'Exemplo de módulo', 'Descrição do módulo.');
insert into modulo (cd_mdl, nm_mdl, desc_mdl)
values (2, 'Módulo 2', 'Descrição do segundo módulo.');
insert into modulo (cd_mdl, nm_mdl, desc_mdl)
values (3, 'Módulo 3', 'Descrição do terceiro módulo.');
insert into modulo (cd_mdl, nm_mdl, desc_mdl)
values (4, 'Módulo 4', 'Descrição do quarto módulo.');
insert into modulo (cd_mdl, nm_mdl, desc_mdl)
values (5, 'Módulo 5', 'Descrição do quinto módulo.');

create table possui (
    fk_cd_modulo number(5)constraint possui_modulo references modulo,
    fk_id_curso number(5) constraint possui_cursos references cursos
);
insert into possui (fk_cd_modulo, fk_id_curso) values (1, 101);
insert into possui (fk_cd_modulo, fk_id_curso) values (2, 101);
insert into possui (fk_cd_modulo, fk_id_curso) values (3, 102);
insert into possui (fk_cd_modulo, fk_id_curso) values (4, 103);
insert into possui (fk_cd_modulo, fk_id_curso) values (5, 103);

/Relacionamento Cursos e Certificado/

/*create table cursos
(id_curso number(5) constraint id_curso_pk primary key,
duracao_curso data constraint drc_curso_,
nome_usuario varchar(50) constraint nome_pk_nn not null,
senha_usuario varchar(30) constraint senha_ck_nn unique);*/

create table certificado (
    cd_certificado number(5) constraint cd_certf_pk primary key,
    nome_certificado varchar2(50) constraint nm_certf_nn not null,
    score number(4,1) constraint score_nn not null
);

insert into certificado (cd_certificado, nome_certificado, score) values (1, 'Certificado de Excel Básico', 7.8);
insert into certificado (cd_certificado, nome_certificado, score) values (2, 'Certificado de Excel Avançado', 8.9);
insert into certificado (cd_certificado, nome_certificado, score) values (3, 'Certificado de Inglês Básico', 9.2);
insert into certificado (cd_certificado, nome_certificado, score) values (4, 'Certificado de Inglês Intermediário', 7.6);
insert into certificado (cd_certificado, nome_certificado, score) values (5, 'Certificado de Inglês Avançado', 9.7);


create table gera (
    fk_id_curso number(5) constraint gera_curso references curso,
    fk_cd_certificado number(5) constraint gera_certificado references certificado
);

insert into gera (fk_id_curso, fk_cd_certificado)
values (101, 1001);
insert into gera (fk_id_curso, fk_cd_certificado)
values (102, 1002);
insert info gera (fk_id_curso, fk_cd_certificado)
values (103, 1003);
insert into gera (fk_id_curso, fk_cd_certificado)
values (104, 1004);
insert into gera (fk_id_curso, fk_cd_certificado)
values (105, 1005);

/Relacionamento Usuario com Simullacao de investimento/

/*create table cursos
(id_curso number(5) constraint id_curso_pk primary key,
duracao_curso data constraint drc_curso_,
nome_usuario varchar(50) constraint nome_pk_nn not null,
senha_usuario varchar(30) constraint senha_ck_nn unique);*/

create table simulacao_investimento
(id_simulacao number(5) constraint id_simu_pk primary key,
tipo varchar(20) constraint tipo_simulacao_nn not null,
taxa_juros number(4,1) constraint tx_juros_nn not null,
duracao data constraint drc_dt_nn);

insert into simulacao_investimento (id_simulacao, tipo, taxa_juros, duracao)
values (1, 'CDB', 7.5, '01-JAN-2024');
insert into simulacao_investimento (id_simulacao, tipo, taxa_juros, duracao)
values (2, 'Poupança', 4.5, '01-APR-2025');
insert into simulacao_investimento (id_simulacao, tipo, taxa_juros, duracao)
values (3, 'Tesouro Direto', 9.2, '01-JAN-2028');
insert into simulacao_investimento (id_simulacao, tipo, taxa_juros, duracao)
values (4, 'Fundo Imobiliário', 12.0, '01-NOV-2030');
insert into simulacao_investimento (id_simulacao, tipo, taxa_juros, duracao)
values (5, 'Ações', 18.3, '01-JAN-2033');


create table solicita
(fk_usuario_ char(11) constraint solicita_usuario references usuario,
fk_simulacao varchar(20) constraint solicita_simulacao 
references simulacao_investimento);

insert into solicita (fk_usuario_, fk_simulacao)
values ('11122233344', 'CDB');
insert into solicita (fk_usuario_, fk_simulacao)
values ('55566677788', 'Poupança');
insert into solicita (fk_usuario_, fk_simulacao)
values ('99988877766', 'Tesouro Direto');
insert into solicita (fk_usuario_, fk_simulacao)
values ('44455566677', 'Fundo Imobiliário');
insert into solicita (fk_usuario_, fk_simulacao)
values ('33322211100', 'Ações');


/Relacionamento Simulador Investimento e Simulacao Investimento/


/*create table simulacao_investimento
(id_simulacao number(5) constraint id_simu_pk primary key,
tipo varchar(20) constraint tipo_simulacao_nn not null,
taxa_juros number(4,1) constraint tx_juros_nn not null,
duracao data constraint drc_dt_nn);*/


create table simulador_investimento
(id_simulador number(5) constraint id_simulador_pk primary key
tipo varchar(20) constraint tipo_simulador_nn not null,
resultado_estimado number(8,2) constraint rlt_est_nn not null,
progresso number(4,1));

insert into simulador_investimento (id_simulador, tipo, resultado_estimado, progresso)
values (1, 'Ações', 5000.00, 0.25);
insert into simulador_investimento (id_simulador, tipo, resultado_estimado, progresso)
values (2, 'Fundos Imobiliários', 15000.00, 0.50);
insert into simulador_investimento (id_simulador, tipo, resultado_estimado, progresso)
values (3, 'Poupança', 2000.00, 0.10);
insert into simulador_investimento (id_simulador, tipo, resultado_estimado, progresso)
values (4, 'Bitcoin', 10000.00, 0.75);
insert into simulador_investimento (id_simulador, tipo, resultado_estimado, progresso)
values (5, 'Tesouro Direto', 8000.00, 0.40);


create table simula
(fk_simulacao_investimento number(5) constraint simula_simulacao 
references simulacao_investimento,
fk_simulador_investimento number(5) constraint simula_simulador
references simulador_investimento);

insert into simula (fk_simulacao_investimento, fk_simulador_investimento)
values (1, 2);
insert into simula (fk_simulacao_investimento, fk_simulador_investimento)
values (2,3);
insert into simula (fk_simulacao_investimento, fk_simulador_investimento)
values (3, 1);
insert into simula (fk_simulacao_investimento, fk_simulador_investimento)
values (4, 4);
insert into simula (fk_simulacao_investimento, fk_simulador_investimento)
values (5, 2);






